{"cameraMode":{"drawMode":0,"name":"Shaded","section":"Shading Mode"},"sceneLighting":false,"audioPlay":false,"sceneViewState":{"showFog":true,"showMaterialUpdate":false,"showSkybox":false,"showFlares":true,"showImageEffects":true,"showParticleSystems":true},"in2DMode":false,"pivot":{"x":1.615187406539917,"y":-0.8914890289306641,"z":0.4642859101295471},"rotation":{"x":-0.26394593715667727,"y":0.7126265168190002,"z":-0.33925026655197146,"w":-0.5544430017471314},"size":3.3267223834991457,"orthographic":false}